Date,Time,Temperatura ÂºC
2022/8/31,18:24:45;25.00;58.00
2022/8/31,18:24:56;25.00;58.00
2022/8/31,18:25:6;25.10;58.00
2022/8/31,18:25:17;25.10;57.00
Date,Time,Temperatura ÂºC
2022/8/31,18:24:45;25.10;57.00
2022/8/31,18:24:56;25.10;57.00
2022/8/31,18:25:6;25.20;57.00
2022/8/31,18:25:17;25.10;57.00
2022/8/31,18:25:28;25.10;57.00
2022/8/31,18:25:38;25.10;57.00
2022/8/31,18:25:49;25.10;57.00
2022/8/31,18:26:0;25.10;57.00
2022/8/31,18:26:10;25.10;57.00
2022/8/31,18:26:21;25.10;57.00
2022/8/31,18:26:32;25.10;57.00
2022/8/31,18:26:42;25.00;57.00
2022/8/31,18:26:53;25.00;57.00
2022/8/31,18:27:4;25.00;57.00
2022/8/31,18:27:14;24.90;57.00
2022/8/31,18:27:25;25.00;57.00
2022/8/31,18:27:36;24.90;57.00
2022/8/31,18:27:46;24.90;57.00
2022/8/31,18:27:57;24.90;58.00
2022/8/31,18:28:8;24.90;57.00
2022/8/31,18:28:18;24.90;58.00
2022/8/31,18:28:29;24.90;57.00
2022/8/31,18:28:40;24.90;58.00
2022/8/31,18:28:50;24.90;57.00
2022/8/31,18:29:1;24.90;58.00
2022/8/31,18:29:12;24.90;58.00
2022/8/31,18:29:22;24.90;58.00
2022/8/31,18:29:33;24.90;58.00
2022/8/31,18:29:44;24.90;58.00
2022/8/31,18:29:54;24.80;58.00
2022/8/31,18:30:5;24.80;58.00
2022/8/31,18:30:16;24.80;58.00
2022/8/31,18:30:26;24.70;58.00
2022/8/31,18:30:37;24.80;58.00
2022/8/31,18:30:48;24.70;58.00
2022/8/31,18:30:58;24.80;58.00
2022/8/31,18:31:9;24.70;58.00
2022/8/31,18:31:20;24.70;58.00
2022/8/31,18:31:30;24.70;58.00
2022/8/31,18:31:41;24.70;58.00
2022/8/31,18:31:52;24.70;58.00
2022/8/31,18:32:2;24.70;58.00
2022/8/31,18:32:13;24.70;58.00
2022/8/31,18:32:24;24.70;58.00
2022/8/31,18:32:34;24.70;58.00
2022/8/31,18:32:45;24.70;58.00
2022/8/31,18:32:56;24.70;58.00
2022/8/31,18:33:6;24.70;58.00
2022/8/31,18:33:17;24.70;58.00
2022/8/31,18:33:28;24.70;58.00
2022/8/31,18:33:38;24.80;59.00
2022/8/31,18:33:49;24.80;59.00
2022/8/31,18:34:0;24.90;59.00
2022/8/31,18:34:10;24.80;58.00
2022/8/31,18:34:21;24.90;58.00
2022/8/31,18:34:32;24.90;58.00
2022/8/31,18:34:42;24.90;58.00
2022/8/31,18:34:53;24.90;58.00
2022/8/31,18:35:4;24.90;58.00
Date;Time;Temperatura;Umidade
2022/9/1;8:54:43;25.00;58.00
2022/9/1;8:54:54;25.00;58.00
2022/9/1;8:55:4;25.10;58.00
2022/9/1;8:55:15;25.10;58.00
2022/9/1;8:55:26;25.10;58.00
2022/9/1;8:55:36;25.10;58.00
2022/9/1;8:55:47;25.10;58.00
2022/9/1;8:55:58;25.10;57.00
2022/9/1;8:56:8;25.10;57.00
2022/9/1;8:56:19;25.20;57.00
2022/9/1;8:56:30;25.10;57.00
2022/9/1;8:56:40;25.20;57.00
2022/9/1;8:56:51;25.20;57.00
2022/9/1;8:57:2;25.10;57.00
2022/9/1;8:57:12;25.20;57.00
2022/9/1;8:57:23;25.20;57.00
2022/9/1;8:57:34;25.20;57.00
2022/9/1;8:57:44;25.20;57.00
2022/9/1;8:57:55;25.20;57.00
2022/9/1;8:58:6;25.30;57.00
2022/9/1;8:58:16;25.20;57.00
2022/9/1;8:58:27;25.30;57.00
2022/9/1;8:58:38;25.30;57.00
2022/9/1;8:58:48;25.30;57.00
2022/9/1;8:58:59;25.30;57.00
2022/9/1;8:59:10;25.40;57.00
2022/9/1;8:59:20;25.40;57.00
2022/9/1;8:59:31;25.40;57.00
2022/9/1;8:59:42;25.40;57.00
2022/9/1;8:59:52;25.50;57.00
2022/9/1;9:0:3;25.50;57.00
2022/9/1;9:0:14;25.50;57.00
2022/9/1;9:0:24;25.50;57.00
2022/9/1;9:0:35;25.50;57.00
2022/9/1;9:0:46;25.60;57.00
2022/9/1;9:0:56;25.60;57.00
2022/9/1;9:1:7;25.60;57.00
2022/9/1;9:1:18;25.60;57.00
2022/9/1;9:1:28;25.60;57.00
2022/9/1;9:1:39;25.70;57.00
2022/9/1;9:1:50;25.60;57.00
2022/9/1;9:2:0;25.70;57.00
2022/9/1;9:2:11;25.70;57.00
2022/9/1;9:2:22;25.70;57.00
2022/9/1;9:2:32;25.70;57.00
2022/9/1;9:2:43;25.70;57.00
2022/9/1;9:2:54;25.70;57.00
2022/9/1;9:3:4;25.70;57.00
2022/9/1;9:3:15;25.80;57.00
2022/9/1;9:3:26;25.70;57.00
2022/9/1;9:3:36;25.80;57.00
2022/9/1;9:3:47;25.80;57.00
2022/9/1;9:3:58;25.80;57.00
2022/9/1;9:4:8;25.80;57.00
2022/9/1;9:4:19;25.80;57.00
2022/9/1;9:4:30;25.80;57.00
2022/9/1;9:4:40;25.80;57.00
2022/9/1;9:4:51;25.80;57.00
2022/9/1;9:5:2;25.80;57.00
2022/9/1;9:5:12;25.80;57.00
2022/9/1;9:5:23;25.80;57.00
2022/9/1;9:5:34;25.80;57.00
2022/9/1;9:5:44;25.80;57.00
2022/9/1;9:5:55;25.80;57.00
2022/9/1;9:6:6;25.80;57.00
2022/9/1;9:6:16;25.80;57.00
2022/9/1;9:6:27;25.80;57.00
2022/9/1;9:6:38;25.80;57.00
2022/9/1;9:6:48;25.70;57.00
2022/9/1;9:6:59;25.70;57.00
2022/9/1;9:7:10;25.70;57.00
2022/9/1;9:7:20;25.70;58.00
2022/9/1;9:7:31;25.70;58.00
2022/9/1;9:7:42;25.70;58.00
2022/9/1;9:7:52;25.70;58.00
2022/9/1;9:8:3;25.70;58.00
2022/9/1;9:8:14;25.80;57.00
2022/9/1;9:8:24;25.80;57.00
2022/9/1;9:8:35;25.80;57.00
2022/9/1;9:8:46;25.80;57.00
2022/9/1;9:8:56;25.90;57.00
2022/9/1;9:9:7;25.90;57.00
2022/9/1;9:9:18;25.90;57.00
2022/9/1;9:9:28;25.90;57.00
2022/9/1;9:9:39;25.90;57.00
2022/9/1;9:9:50;25.90;57.00
2022/9/1;9:10:0;25.90;57.00
2022/9/1;9:10:11;25.90;57.00
2022/9/1;9:10:22;25.90;57.00
2022/9/1;9:10:32;25.90;57.00
2022/9/1;9:10:43;25.90;57.00
2022/9/1;9:10:54;26.00;58.00
2022/9/1;9:11:4;26.00;58.00
2022/9/1;9:11:15;26.00;58.00
2022/9/1;9:11:26;26.00;58.00
2022/9/1;9:11:36;26.10;58.00
2022/9/1;9:11:47;26.10;58.00
2022/9/1;9:11:57;26.20;58.00
2022/9/1;9:12:8;26.20;58.00
2022/9/1;9:12:19;26.20;58.00
2022/9/1;9:12:30;26.20;57.00
2022/9/1;9:12:40;26.20;57.00
2022/9/1;9:12:51;26.20;57.00
2022/9/1;9:13:1;26.30;57.00
2022/9/1;9:13:12;26.30;57.00
2022/9/1;9:13:23;26.30;57.00
2022/9/1;9:13:33;26.30;57.00
2022/9/1;9:13:44;26.30;57.00
2022/9/1;9:13:55;26.30;57.00
2022/9/1;9:14:5;26.30;57.00
2022/9/1;9:14:16;26.30;57.00
2022/9/1;9:14:27;26.30;57.00
2022/9/1;9:14:37;26.30;57.00
2022/9/1;9:14:48;26.30;57.00
2022/9/1;9:14:59;26.30;57.00
2022/9/1;9:15:9;26.30;57.00
2022/9/1;9:15:20;26.30;57.00
2022/9/1;9:15:31;26.30;57.00
2022/9/1;9:15:41;26.30;57.00
2022/9/1;9:15:52;26.30;57.00
2022/9/1;9:16:3;26.30;57.00
2022/9/1;9:16:13;26.30;57.00
2022/9/1;9:16:24;26.20;57.00
2022/9/1;9:16:35;26.20;57.00
2022/9/1;9:16:45;26.20;57.00
2022/9/1;9:16:56;26.20;57.00
2022/9/1;9:17:7;26.20;58.00
2022/9/1;9:17:17;26.20;58.00
2022/9/1;9:17:28;26.20;57.00
2022/9/1;9:17:39;26.20;57.00
2022/9/1;9:17:49;26.20;58.00
2022/9/1;9:18:0;26.30;57.00
2022/9/1;9:18:11;26.30;57.00
2022/9/1;9:18:21;26.40;57.00
2022/9/1;9:18:32;26.30;57.00
2022/9/1;9:18:43;26.30;57.00
2022/9/1;9:18:53;26.20;57.00
2022/9/1;9:19:4;26.20;57.00
2022/9/1;9:19:15;26.20;57.00
2022/9/1;9:19:25;26.20;57.00
2022/9/1;9:19:36;26.20;57.00
2022/9/1;9:19:47;26.20;57.00
2022/9/1;9:19:57;26.20;58.00
2022/9/1;9:20:8;26.10;58.00
2022/9/1;9:20:19;26.10;58.00
2022/9/1;9:20:29;26.00;58.00
2022/9/1;9:20:40;26.00;58.00
2022/9/1;9:20:51;26.00;58.00
2022/9/1;9:21:1;26.00;58.00
2022/9/1;9:21:12;26.00;58.00
2022/9/1;9:21:23;26.10;58.00
2022/9/1;9:21:33;26.00;58.00
2022/9/1;9:21:44;26.00;58.00
2022/9/1;9:21:55;26.00;58.00
2022/9/1;9:22:5;26.10;58.00
2022/9/1;9:22:16;26.10;58.00
2022/9/1;9:22:27;26.10;58.00
2022/9/1;9:22:37;26.10;58.00
2022/9/1;9:22:48;26.20;58.00
2022/9/1;9:22:59;26.10;58.00
2022/9/1;9:23:9;26.10;58.00
2022/9/1;9:23:20;26.10;58.00
2022/9/1;9:23:31;26.10;58.00
2022/9/1;9:23:41;26.00;58.00
2022/9/1;9:23:52;26.00;58.00
2022/9/1;9:24:3;26.00;58.00
2022/9/1;9:24:13;26.10;58.00
2022/9/1;9:24:24;26.00;58.00
2022/9/1;9:24:35;26.10;58.00
2022/9/1;9:24:45;26.00;58.00
2022/9/1;9:24:56;26.00;58.00
2022/9/1;9:25:7;26.00;58.00
2022/9/1;9:25:17;26.00;58.00
2022/9/1;9:25:28;26.00;58.00
2022/9/1;9:25:39;26.00;58.00
2022/9/1;9:25:49;26.00;58.00
2022/9/1;9:26:0;26.00;59.00
2022/9/1;9:26:11;26.00;58.00
2022/9/1;9:26:21;26.00;59.00
2022/9/1;9:26:32;26.00;59.00
2022/9/1;9:26:43;26.00;59.00
2022/9/1;9:26:53;26.00;59.00
2022/9/1;9:27:4;26.00;59.00
2022/9/1;9:27:15;25.90;58.00
2022/9/1;9:27:25;26.00;59.00
2022/9/1;9:27:36;26.00;59.00
2022/9/1;9:27:47;26.00;59.00
2022/9/1;9:27:57;26.00;59.00
2022/9/1;9:28:8;26.00;59.00
2022/9/1;9:28:19;26.00;59.00
2022/9/1;9:28:29;26.00;59.00
2022/9/1;9:28:40;26.00;58.00
2022/9/1;9:28:51;26.00;58.00
2022/9/1;9:29:1;26.00;58.00
2022/9/1;9:29:12;26.00;58.00
2022/9/1;9:29:23;26.00;59.00
2022/9/1;9:29:33;26.00;58.00
2022/9/1;9:29:44;26.00;58.00
2022/9/1;9:29:55;26.00;58.00
2022/9/1;9:30:5;26.00;58.00
2022/9/1;9:30:16;26.00;59.00
2022/9/1;9:30:27;26.10;59.00
2022/9/1;9:30:37;26.10;59.00
2022/9/1;9:30:48;26.10;59.00
2022/9/1;9:30:59;26.10;59.00
2022/9/1;9:31:9;26.10;59.00
2022/9/1;9:31:20;26.10;58.00
2022/9/1;9:31:31;26.10;58.00
2022/9/1;9:31:41;26.10;58.00
2022/9/1;9:31:52;26.10;58.00
2022/9/1;9:32:3;26.10;58.00
2022/9/1;9:32:13;26.10;58.00
2022/9/1;9:32:24;26.10;58.00
2022/9/1;9:32:35;26.20;58.00
2022/9/1;9:32:45;26.20;58.00
2022/9/1;9:32:56;26.20;58.00
2022/9/1;9:33:7;26.10;58.00
2022/9/1;9:33:17;26.10;58.00
2022/9/1;9:33:28;26.10;58.00
2022/9/1;9:33:39;26.10;58.00
2022/9/1;9:33:49;26.10;58.00
2022/9/1;9:34:0;26.00;58.00
2022/9/1;9:34:11;26.10;58.00
2022/9/1;9:34:21;26.10;58.00
2022/9/1;9:34:32;26.10;58.00
2022/9/1;9:34:43;26.00;58.00
2022/9/1;9:34:53;26.00;58.00
2022/9/1;9:35:4;26.10;58.00
2022/9/1;9:35:15;26.00;58.00
2022/9/1;9:35:25;26.10;58.00
2022/9/1;9:35:36;26.10;58.00
2022/9/1;9:35:47;26.10;58.00
2022/9/1;9:35:57;26.10;58.00
2022/9/1;9:36:8;26.00;58.00
2022/9/1;9:36:19;26.10;58.00
2022/9/1;9:36:29;26.00;58.00
2022/9/1;9:36:40;26.00;59.00
2022/9/1;9:36:51;26.10;59.00
2022/9/1;9:37:1;26.10;59.00
2022/9/1;9:37:12;26.10;59.00
2022/9/1;9:37:23;26.10;59.00
2022/9/1;9:37:33;26.10;59.00
2022/9/1;9:37:44;26.10;59.00
2022/9/1;9:37:55;26.10;59.00
2022/9/1;9:38:5;26.10;58.00
2022/9/1;9:38:16;26.00;58.00
2022/9/1;9:38:27;26.10;58.00
2022/9/1;9:38:37;26.10;58.00
2022/9/1;9:38:48;26.10;58.00
2022/9/1;9:38:59;26.20;58.00
2022/9/1;9:39:9;26.00;58.00
2022/9/1;9:39:20;26.00;59.00
2022/9/1;9:39:31;26.20;58.00
2022/9/1;9:39:41;26.20;58.00
2022/9/1;9:39:52;26.20;58.00
2022/9/1;9:40:3;26.20;58.00
2022/9/1;9:40:13;26.20;58.00
2022/9/1;9:40:24;26.20;58.00
2022/9/1;9:40:35;26.20;58.00
2022/9/1;9:40:45;26.20;58.00
2022/9/1;9:40:56;26.20;58.00
2022/9/1;9:41:7;26.20;58.00
2022/9/1;9:41:17;26.20;58.00
2022/9/1;9:41:28;26.20;58.00
2022/9/1;9:41:38;26.20;58.00
2022/9/1;9:41:49;26.20;58.00
2022/9/1;9:42:0;26.20;58.00
2022/9/1;9:42:10;26.20;58.00
2022/9/1;9:42:21;26.20;58.00
2022/9/1;9:42:32;26.20;58.00
2022/9/1;9:42:43;26.20;58.00
2022/9/1;9:42:53;26.20;58.00
2022/9/1;9:43:4;26.30;58.00
2022/9/1;9:43:14;26.30;58.00
2022/9/1;9:43:25;26.30;58.00
2022/9/1;9:43:36;26.30;58.00
2022/9/1;9:43:46;26.30;58.00
2022/9/1;9:43:57;26.20;58.00
2022/9/1;9:44:8;26.30;58.00
2022/9/1;9:44:18;26.30;58.00
2022/9/1;9:44:29;26.30;58.00
2022/9/1;9:44:40;26.20;58.00
2022/9/1;9:44:50;26.20;58.00
2022/9/1;9:45:1;26.20;58.00
2022/9/1;9:45:12;26.20;58.00
2022/9/1;9:45:22;26.30;58.00
2022/9/1;9:45:33;26.30;58.00
2022/9/1;9:45:44;26.30;58.00
2022/9/1;9:45:54;26.30;58.00
2022/9/1;9:46:5;26.30;58.00
2022/9/1;9:46:16;26.30;58.00
2022/9/1;9:46:26;26.40;58.00
2022/9/1;9:46:37;26.40;58.00
2022/9/1;9:46:48;26.40;58.00
2022/9/1;9:46:58;26.30;58.00
2022/9/1;9:47:9;26.40;58.00
2022/9/1;9:47:20;26.40;58.00
2022/9/1;9:47:30;26.40;58.00
2022/9/1;9:47:41;26.40;58.00
2022/9/1;9:47:52;26.40;58.00
2022/9/1;9:48:2;26.40;58.00
2022/9/1;9:48:13;26.40;58.00
2022/9/1;9:48:24;26.40;58.00
2022/9/1;9:48:34;26.40;58.00
2022/9/1;9:48:45;26.40;58.00
2022/9/1;9:48:56;26.40;58.00
2022/9/1;9:49:6;26.40;57.00
2022/9/1;9:49:17;26.40;57.00
2022/9/1;9:49:28;26.40;57.00
2022/9/1;9:49:38;26.40;57.00
2022/9/1;9:49:49;26.40;57.00
2022/9/1;9:50:0;26.30;57.00
2022/9/1;9:50:10;26.30;57.00
2022/9/1;9:50:21;26.40;57.00
2022/9/1;9:50:32;26.40;57.00
2022/9/1;9:50:42;26.40;57.00
2022/9/1;9:50:53;26.40;57.00
2022/9/1;9:51:4;26.40;57.00
2022/9/1;9:51:14;26.40;57.00
2022/9/1;9:51:25;26.40;57.00
2022/9/1;9:51:36;26.40;57.00
2022/9/1;9:51:46;26.40;57.00
2022/9/1;9:51:57;26.60;57.00
2022/9/1;9:52:8;26.60;57.00
2022/9/1;9:52:18;26.60;57.00
2022/9/1;9:52:29;26.60;57.00
2022/9/1;9:52:40;26.60;57.00
2022/9/1;9:52:50;26.60;57.00
2022/9/1;9:53:1;26.60;57.00
2022/9/1;9:53:12;26.60;57.00
2022/9/1;9:53:22;26.60;57.00
2022/9/1;9:53:33;26.60;57.00
2022/9/1;9:53:44;26.60;57.00
2022/9/1;9:53:54;26.70;56.00
2022/9/1;9:54:5;26.70;56.00
2022/9/1;9:54:16;26.70;56.00
2022/9/1;9:54:26;26.70;56.00
2022/9/1;9:54:37;26.70;56.00
2022/9/1;9:54:48;26.70;56.00
2022/9/1;9:54:58;26.70;56.00
2022/9/1;9:55:9;26.70;56.00
2022/9/1;9:55:20;26.80;56.00
2022/9/1;9:55:30;26.80;56.00
2022/9/1;9:55:41;26.80;56.00
2022/9/1;9:55:52;26.90;56.00
2022/9/1;9:56:2;26.90;56.00
2022/9/1;9:56:13;26.90;56.00
2022/9/1;9:56:24;26.90;56.00
2022/9/1;9:56:34;26.90;56.00
2022/9/1;9:56:45;26.90;56.00
2022/9/1;9:56:56;26.90;56.00
2022/9/1;9:57:6;26.90;56.00
2022/9/1;9:57:17;26.90;56.00
2022/9/1;9:57:28;26.90;56.00
2022/9/1;9:57:38;26.90;56.00
2022/9/1;9:57:49;26.90;56.00
2022/9/1;9:58:0;26.90;56.00
2022/9/1;9:58:10;26.90;56.00
2022/9/1;9:58:21;26.90;56.00
2022/9/1;9:58:32;26.90;56.00
2022/9/1;9:58:42;26.90;56.00
2022/9/1;9:58:53;26.70;56.00
2022/9/1;9:59:4;26.80;56.00
2000/3/148;0:1:0;26.70;56.00
2000/3/148;0:1:0;26.70;56.00
2022/9/1;9:59:36;26.70;56.00
2000/3/148;0:1:0;26.70;56.00
2000/3/148;0:1:0;26.60;56.00
2000/3/148;0:1:0;26.60;56.00
2000/3/148;0:1:0;26.60;56.00
2000/3/148;0:1:0;26.60;57.00
2000/3/148;0:1:0;26.40;57.00
2000/3/148;0:1:0;26.30;57.00
2000/3/148;0:1:0;26.40;57.00
2000/3/148;0:1:0;26.40;57.00
2000/3/148;0:1:0;26.40;57.00
2000/3/148;0:1:0;26.40;57.00
2000/3/148;0:1:0;26.40;57.00
2000/3/148;0:1:0;26.40;57.00
2000/3/148;0:1:0;26.40;57.00
2000/3/148;0:1:0;26.40;57.00
2000/3/148;0:1:0;26.30;57.00
2000/3/148;0:1:0;26.30;57.00
2000/3/148;0:1:0;26.30;57.00
2000/3/148;0:1:0;26.40;57.00
2000/3/148;0:1:0;26.40;57.00
2000/3/148;0:1:0;26.30;57.00
2000/3/148;0:1:0;26.40;57.00
2022/9/1;10:3:41;26.40;57.00
2000/3/148;0:1:0;26.30;57.00
2022/9/1;10:4:2;26.40;57.00
2022/9/1;10:4:13;26.40;57.00
2022/9/1;10:4:24;26.40;57.00
2022/9/1;10:4:34;26.40;57.00
2022/9/1;10:4:45;26.30;57.00
2022/9/1;10:4:56;26.30;57.00
2022/9/1;10:5:6;26.20;57.00
2022/9/1;10:5:17;26.20;58.00
2022/9/1;10:5:28;26.20;58.00
2022/9/1;10:5:38;26.20;58.00
2022/9/1;10:5:49;26.20;58.00
2022/9/1;10:6:0;26.20;58.00
2022/9/1;10:6:10;26.20;58.00
2022/9/1;10:6:21;26.20;58.00
2022/9/1;10:6:32;26.20;58.00
2022/9/1;10:6:42;26.20;58.00
2022/9/1;10:6:53;26.10;58.00
2022/9/1;10:7:4;26.10;58.00
2022/9/1;10:7:14;26.00;58.00
2022/9/1;10:7:25;26.10;58.00
2022/9/1;10:7:36;26.00;58.00
2022/9/1;10:7:46;26.10;58.00
2022/9/1;10:7:57;26.10;58.00
2022/9/1;10:8:8;26.10;58.00
2022/9/1;10:8:18;26.10;58.00
2022/9/1;10:8:29;26.20;58.00
2022/9/1;10:8:40;26.20;58.00
2022/9/1;10:8:50;26.20;58.00
2022/9/1;10:9:1;26.20;58.00
2022/9/1;10:9:12;26.20;58.00
2022/9/1;10:9:22;26.20;58.00
2022/9/1;10:9:33;26.20;58.00
2022/9/1;10:9:44;26.20;58.00
2022/9/1;10:9:54;26.20;58.00
2022/9/1;10:10:5;26.20;58.00
2022/9/1;10:10:16;26.30;58.00
2022/9/1;10:10:26;26.30;58.00
2022/9/1;10:10:37;26.30;58.00
2022/9/1;10:10:48;26.30;58.00
2022/9/1;10:10:58;26.30;58.00
2022/9/1;10:11:9;26.30;57.00
2022/9/1;10:11:20;26.30;57.00
2022/9/1;10:11:30;26.30;57.00
2022/9/1;10:11:41;26.30;57.00
2000/3/148;0:1:0;26.30;57.00
2022/9/1;10:12:2;26.30;57.00
2022/9/1;10:12:13;26.30;57.00
2022/9/1;10:12:24;26.30;57.00
2022/9/1;10:12:34;26.30;57.00
2022/9/1;10:12:45;26.30;57.00
2022/9/1;10:12:56;26.30;57.00
2000/3/148;0:1:0;26.30;57.00
2022/9/1;10:13:17;26.30;57.00
2022/9/1;10:13:27;26.30;57.00
2022/9/1;10:13:38;26.30;57.00
2022/9/1;10:13:49;26.20;57.00
2022/9/1;10:13:59;26.20;57.00
2022/9/1;10:14:10;26.20;57.00
2022/9/1;10:14:21;26.20;57.00
2022/9/1;10:14:31;26.20;57.00
2022/9/1;10:14:42;26.30;57.00
2022/9/1;10:14:53;26.30;57.00
2022/9/1;10:15:3;26.30;57.00
2022/9/1;10:15:14;26.30;57.00
2022/9/1;10:15:25;26.30;56.00
2022/9/1;10:15:35;26.30;56.00
2022/9/1;10:15:46;26.30;56.00
2022/9/1;10:15:57;26.30;57.00
2022/9/1;10:16:7;26.30;57.00
2022/9/1;10:16:18;26.30;57.00
2022/9/1;10:16:29;26.40;57.00
2022/9/1;10:16:39;26.40;57.00
2022/9/1;10:16:50;26.40;57.00
2022/9/1;10:17:1;26.40;57.00
2022/9/1;10:17:12;26.50;57.00
2022/9/1;10:17:22;26.50;57.00
2022/9/1;10:17:33;26.50;56.00
2022/9/1;10:17:44;26.50;56.00
2022/9/1;10:17:54;26.40;56.00
2022/9/1;10:18:5;26.50;57.00
2022/9/1;10:18:16;26.40;56.00
2022/9/1;10:18:26;26.50;57.00
2022/9/1;10:18:37;26.50;57.00
2022/9/1;10:18:48;26.50;57.00
2022/9/1;10:18:58;26.50;57.00
2022/9/1;10:19:9;26.40;57.00
2022/9/1;10:19:20;26.40;57.00
2022/9/1;10:19:30;26.40;57.00
2022/9/1;10:19:41;26.40;57.00
2022/9/1;10:19:51;26.40;57.00
2022/9/1;10:20:2;26.40;57.00
2022/9/1;10:20:13;26.30;57.00
2022/9/1;10:20:23;26.40;57.00
2022/9/1;10:20:34;26.40;57.00
2022/9/1;10:20:45;26.30;57.00
2022/9/1;10:20:55;26.40;57.00
2022/9/1;10:21:6;26.30;57.00
2022/9/1;10:21:17;26.30;57.00
2022/9/1;10:21:27;26.30;56.00
2022/9/1;10:21:38;26.30;56.00
2022/9/1;10:21:49;26.30;56.00
2022/9/1;10:21:59;26.30;56.00
2000/3/148;0:1:0;26.30;56.00
2022/9/1;10:22:21;26.30;56.00
2000/3/148;0:1:0;26.20;57.00
2022/9/1;10:22:42;26.20;57.00
2022/9/1;10:22:53;26.20;57.00
2022/9/1;10:23:3;26.20;57.00
2022/9/1;10:23:14;26.20;57.00
2022/9/1;10:23:25;26.20;57.00
2022/9/1;10:23:35;26.20;57.00
2022/9/1;10:23:46;26.30;57.00
2022/9/1;10:23:57;26.20;57.00
2022/9/1;10:24:7;26.20;57.00
2022/9/1;10:24:18;26.30;57.00
2022/9/1;10:24:29;26.20;56.00
2022/9/1;10:24:39;26.20;56.00
2022/9/1;10:24:50;26.20;56.00
2022/9/1;10:25:1;26.20;56.00
2022/9/1;10:25:11;26.20;57.00
2022/9/1;10:25:22;26.30;57.00
2022/9/1;10:25:33;26.30;57.00
2022/9/1;10:25:43;26.30;57.00
2022/9/1;10:25:54;26.30;57.00
2022/9/1;10:26:5;26.40;57.00
2022/9/1;10:26:15;26.40;57.00
2022/9/1;10:26:26;26.50;56.00
2022/9/1;10:26:37;26.50;56.00
2022/9/1;10:26:47;26.50;56.00
2022/9/1;10:26:58;26.50;56.00
2022/9/1;10:27:9;26.50;56.00
2022/9/1;10:27:19;26.50;56.00
2022/9/1;10:27:30;26.50;56.00
2022/9/1;10:27:41;26.50;56.00
2022/9/1;10:27:51;26.40;56.00
2022/9/1;10:28:2;26.40;57.00
2022/9/1;10:28:13;26.40;57.00
2022/9/1;10:28:23;26.40;57.00
2022/9/1;10:28:34;26.40;57.00
2022/9/1;10:28:45;26.40;57.00
2022/9/1;10:28:55;26.40;57.00
2022/9/1;10:29:6;26.40;57.00
2022/9/1;10:29:17;26.40;57.00
2022/9/1;10:29:27;26.30;57.00
2022/9/1;10:29:38;26.30;57.00
2022/9/1;10:29:49;26.30;57.00
2022/9/1;10:29:59;26.40;57.00
2022/9/1;10:30:10;26.30;57.00
2022/9/1;10:30:21;26.30;57.00
2022/9/1;10:30:31;26.30;57.00
2022/9/1;10:30:42;26.30;57.00
2022/9/1;10:30:53;26.30;57.00
2022/9/1;10:31:3;26.30;57.00
2022/9/1;10:31:14;26.20;57.00
2022/9/1;10:31:25;26.20;57.00
2022/9/1;10:31:35;26.20;57.00
2022/9/1;10:31:46;26.20;57.00
2022/9/1;10:31:57;26.20;57.00
2022/9/1;10:32:7;26.20;57.00
2022/9/1;10:32:18;26.20;57.00
2022/9/1;10:32:29;26.10;57.00
2022/9/1;10:32:39;26.10;57.00
2022/9/1;10:32:50;26.10;57.00
2022/9/1;10:33:1;26.10;58.00
2022/9/1;10:33:11;26.00;58.00
2022/9/1;10:33:22;26.10;58.00
2022/9/1;10:33:33;26.00;57.00
2022/9/1;10:33:43;26.00;57.00
2022/9/1;10:33:54;26.00;57.00
2022/9/1;10:34:5;26.00;57.00
2022/9/1;10:34:15;26.10;57.00
2022/9/1;10:34:26;26.10;57.00
2022/9/1;10:34:37;26.00;57.00
2022/9/1;10:34:47;26.10;57.00
2022/9/1;10:34:58;26.10;57.00
2022/9/1;10:35:9;26.10;57.00
2022/9/1;10:35:19;26.10;57.00
2022/9/1;10:35:30;26.10;57.00
2022/9/1;10:35:41;26.10;57.00
2022/9/1;10:35:51;26.10;58.00
2022/9/1;10:36:2;26.10;57.00
2022/9/1;10:36:13;26.10;58.00
2022/9/1;10:36:23;26.10;58.00
2022/9/1;10:36:34;26.10;58.00
2022/9/1;10:36:45;26.00;58.00
2022/9/1;10:36:55;26.00;58.00
2022/9/1;10:37:6;26.00;58.00
2022/9/1;10:37:17;26.00;58.00
2022/9/1;10:37:27;26.00;58.00
2022/9/1;10:37:38;26.00;58.00
2022/9/1;10:37:49;26.00;58.00
2022/9/1;10:37:59;26.00;58.00
2022/9/1;10:38:10;26.00;58.00
2022/9/1;10:38:21;26.00;58.00
2022/9/1;10:38:31;26.00;58.00
2022/9/1;10:38:42;26.00;58.00
2022/9/1;10:38:53;26.00;58.00
2022/9/1;10:39:3;26.00;58.00
2022/9/1;10:39:14;26.00;58.00
2022/9/1;10:39:25;26.00;58.00
2022/9/1;10:39:35;26.00;58.00
2022/9/1;10:39:46;26.10;58.00
2022/9/1;10:39:57;26.20;58.00
2022/9/1;10:40:7;26.30;58.00
2022/9/1;10:40:18;26.30;58.00
2022/9/1;10:40:29;26.40;57.00
2022/9/1;10:40:39;26.40;57.00
2022/9/1;10:40:50;26.40;57.00
2022/9/1;10:41:1;26.50;57.00
2022/9/1;10:41:11;26.60;57.00
2022/9/1;10:41:22;26.60;57.00
2000/3/148;0:1:0;26.60;57.00
2000/3/148;0:1:0;26.70;56.00
2022/9/1;10:41:54;26.60;57.00
2022/9/1;10:42:5;26.70;57.00
2022/9/1;10:42:15;26.70;57.00
2022/9/1;10:42:26;26.70;57.00
2022/9/1;10:42:37;26.70;57.00
2022/9/1;10:42:47;26.70;56.00
2022/9/1;10:42:58;26.70;56.00
2022/9/1;10:43:9;26.60;56.00
2022/9/1;10:43:19;26.60;56.00
2022/9/1;10:43:30;26.50;56.00
2022/9/1;10:43:41;26.40;57.00
2022/9/1;10:43:51;26.40;57.00
2022/9/1;10:44:2;26.40;57.00
2022/9/1;10:44:13;26.40;57.00
2022/9/1;10:44:23;26.40;57.00
2022/9/1;10:44:34;26.40;57.00
2022/9/1;10:44:45;26.40;57.00
2022/9/1;10:44:55;26.40;57.00
2022/9/1;10:45:6;26.30;57.00
2022/9/1;10:45:17;26.40;57.00
2022/9/1;10:45:27;26.30;57.00
2022/9/1;10:45:38;26.30;57.00
2022/9/1;10:45:49;26.30;58.00
2022/9/1;10:45:59;26.30;58.00
2022/9/1;10:46:10;26.30;58.00
2022/9/1;10:46:21;26.30;57.00
2022/9/1;10:46:31;26.30;57.00
2022/9/1;10:46:42;26.30;57.00
2022/9/1;10:46:53;26.30;57.00
2022/9/1;10:47:3;26.30;57.00
2022/9/1;10:47:14;26.30;57.00
2022/9/1;10:47:25;26.30;57.00
2000/3/148;0:1:0;26.30;57.00
2000/3/148;0:1:0;26.30;57.00
2000/3/148;0:1:0;26.30;57.00
2000/3/148;0:1:0;26.30;57.00
2022/9/1;10:48:18;26.30;57.00
